source_id,file_path,sha256,size_bytes,recorded_at,recorder,notes
SRC-0021,raw_archive/advisory/SRC-0021_CVE-2023-6951_snapshot_20260929.txt,194FF036C27688259BD17F16DD99731E915121A91E4297F96D13F0204400A88E,785,2026-09-29,person3,auto_scan
SRC-0022,raw_archive/advisory/SRC-0022_CVE-2023-51456_snapshot_20260929.txt,FF1A91358EDA179E7BBC5BAF6E5B6B9F414B1EAC33FCDFEFD57FA9C14E9F0442,544,2026-09-29,person3,auto_scan
SRC-0023,raw_archive/advisory/SRC-0023_CVE-2023-51452_snapshot_20260929.txt,29C202CEFAB9556104F0269283E508B04BBA9B776D654B864FE961CD43B5E277,438,2026-09-29,person3,auto_scan
SRC-0035,raw_archive/advisory/SRC-0035_0037_PX4_CVE_snapshots_20260929.txt,904D3053E1A8AE73EE8688AD73707FA42B7109D724DB3F2FDDE06B6398124D9E,762,2026-09-29,person3,auto_scan
SRC-0045,raw_archive/advisory/SRC-0045_0047_Autel_Parrot_CVE_snapshots_20260929.txt,29ACD55765956EB5B4F64BAA311D51D87114BFF0ADE8CD9EF74E95A0EC16D5AB,1267,2026-09-29,person3,auto_scan
SRC-0015,raw_archive/dataset_meta/SRC-0015_AntiUAV_evidence_snapshot_20260929.txt,DD750AB140845BF4A63E6D9850E0FD3FA73D15953A4D47C8B340083DAA400E3B,594,2026-09-29,person3,auto_scan
SRC-0016,raw_archive/dataset_meta/SRC-0016_DroneRF_evidence_snapshot_20260929.txt,C138404A7B8FD96C3A9826539E105C213CA53081811F59DF8E14ABFC8059C398,547,2026-09-29,person3,auto_scan
SRC-0017,raw_archive/dataset_meta/SRC-0017_MMAUD_evidence_snapshot_20260929.txt,EC8F13859917A4C179538BAFC5E2CC0509DB40D3AF3BA7901D741C295E808370,592,2026-09-29,person3,auto_scan
SRC-0040,raw_archive/dataset_meta/SRC-0040_DUT_AntiUAV_snapshot_20260929.txt,F5E1F641947385062AC08F7E6615A141EC385B98B3BD2B4A5110B8BFC45DBD09,722,2026-09-29,person3,auto_scan
SRC-0007,raw_archive/opensource/SRC-0007_MAVLink_docs_snapshot_20260929.txt,9FEA4019ED2B0EB7136FCCDF6B88D645DC963F9667A97D4C81426B284489447E,268,2026-09-29,person3,auto_scan
SRC-0015,raw_archive/opensource/SRC-0015_AntiUAV_LICENSE_20260929.txt,3F9EC6E1951C3038ABAA37D958B46402FBE231242BA6FFC837295D05004E2D9D,1066,2026-09-29,person3,auto_scan
SRC-0027,raw_archive/opensource/SRC-0027_ArduPilot_COPYING_20260929.txt,8CEB4B9EE5ADEDDE47B31E975C1D90C73AD27B6B165A1DCD80C7C545EB65B903,35147,2026-09-29,person3,auto_scan
SRC-0028,raw_archive/opensource/SRC-0028_PX4_LICENSE_20260929.txt,0E31CBA0E521C572E59A350286C6D1272ABFF7A7B6EBECB0E7D9EEE6547A2106,1527,2026-09-29,person3,auto_scan
SRC-0029,raw_archive/opensource/SRC-0029_mavlink_COPYING_20260929.txt,81133BA4D3343A0E627DD0D9582134F956BC9DC82322D369C561249CC2910224,9437,2026-09-29,person3,auto_scan
SRC-0052,raw_archive/opensource/SRC-0052_PX4_GNSS_RC_and_ArduPilot_SBUS_20260929.txt,6E86CD4F42E39E15F4E29F355BEB92FB1424E981F7935A1966C6A52156BAEE5D,1389,2026-09-29,person3,auto_scan
SRC-0030,raw_archive/regulator/SRC-0030_FCC_candidates_snapshot_20260929.txt,0329C1FF49682767AAEA9F6FB6099F456B5C8C80F3B7F7F8D7F86C7203379428,960,2026-09-29,person3,auto_scan
SRC-0030b,raw_archive/regulator/SRC-0030b_FCC_official_pull_guide_20260929.txt,F1EC798970A525B06595AA326476E7CB4F69AEA538CBFF6E7B8A97D8D062BAEA,2213,2026-09-29,person3,auto_scan
SRC-0039,raw_archive/regulator/SRC-0039_Skydio_FCC_ID_table_20260929.txt,023761497E069646722F617CA41F85EC9F69CA0E57B4DC3F10E6B2F6D990ABC5,860,2026-09-29,person3,auto_scan
SRC-0044b,raw_archive/regulator/SRC-0044b_FCC_network_block_20260929.txt,EF5D82AA086D9567BDFF4053AFA404520C91472169E09F7DE9E6CDDE36853567,996,2026-09-29,person3,auto_scan
