id,source,target,type,evidence_source_id,confidence,notes
EDG-0001,VND-DJI,MDL-DJI-MAVIC3,manufactures,SRC-0001,high,
EDG-0002,VND-DJI,MDL-DJI-MINI3,manufactures,SRC-0001,high,
EDG-0003,VND-DJI,MDL-DJI-AIR2S,manufactures,SRC-0001,high,
EDG-0005,VND-PARROT,MDL-PARROT-ANAFI,manufactures,SRC-0004,high,canonical; 待更具体 Anafi 子页时再评估
EDG-0008,VND-DJI,SFW-DJI-SDK,documented_in,SRC-0002,high,边语义：厂商文档覆盖 SDK；图谱展示时可改为 owns
EDG-0009,SFW-PX4,PRT-MAVLINK,implements_protocol,SRC-0008,high,
EDG-0010,SFW-ARDUPILOT,PRT-MAVLINK,implements_protocol,SRC-0009,high,
EDG-0011,OSS-PX4,OSS-MAVLINK,depends_on,SRC-0011,high,
EDG-0012,OSS-ARDUPILOT,OSS-MAVLINK,depends_on,SRC-0010,high,
EDG-0013,SFW-MAVSDK,PRT-MAVLINK,implements_protocol,SRC-0007,high,
EDG-0015,DST-DRONERF,CMP-RF-2G4,dataset_covers,SRC-0016,high,类型级关联
EDG-0016,DST-MMAUD,MDL-DJI-MAVIC3,dataset_covers,SRC-0017,high,
EDG-0017,PAP-ANTIUAV410,DST-ANTIUAV,documented_in,SRC-0024,high,
EDG-0018,PAP-DRONERF-DIB,DST-DRONERF,documented_in,SRC-0025,high,
EDG-0020,MDL-DJI-MAVIC3,VUL-CVE-2023-6951,affected_by,SRC-0021,high,固件版本上界见 ADV-0001
EDG-0023,OSS-QGC,PRT-MAVLINK,implements_protocol,SRC-0007,high,
EDG-0025,VND-PX4,OSS-PX4,documented_in,SRC-0011,high,
EDG-0026,MDL-DJI-MINI3PRO,VUL-CVE-2023-6951,affected_by,SRC-0021,high,
EDG-0027,SFW-DJI-FW-GENERIC,VUL-CVE-2023-51456,affected_by,SRC-0022,high,
EDG-0028,SFW-DJI-FW-GENERIC,VUL-CVE-2023-51452,affected_by,SRC-0023,high,
EDG-0029,DST-MMAUD,MDL-DJI-PHANTOM4,dataset_covers,SRC-0017,high,
EDG-0030,DST-MMAUD,MDL-DJI-AVATA,dataset_covers,SRC-0017,high,
EDG-0031,DST-MMAUD,MDL-DJI-M300,dataset_covers,SRC-0017,high,
EDG-0032,PAP-MMAUD,DST-MMAUD,documented_in,SRC-0026,high,
EDG-0033,MDL-DJI-M300,VUL-CVE-2023-6951,affected_by,SRC-0021,high,
EDG-0034,VND-AUTEL,MDL-AUTEL-EVO2,manufactures,SRC-0033,high,canonical
EDG-0036,VND-DJI,MDL-DJI-MAVIC2,manufactures,SRC-0001,high,MMAUD 覆盖
EDG-0038,VND-DJI,MDL-DJI-AVATA,manufactures,SRC-0001,high,
EDG-0039,VND-DJI,MDL-DJI-M300,manufactures,SRC-0001,high,
EDG-0040,VND-DJI,MDL-DJI-MAVIC3PRO,manufactures,SRC-0032,high,
EDG-0041,VND-DJI,MDL-DJI-MAVIC3CLASSIC,manufactures,SRC-0031,high,
EDG-0042,VND-DJI,MDL-DJI-MINI3PRO,manufactures,SRC-0001,high,
EDG-0043,SFW-PX4,VUL-CVE-2026-32709,affected_by,SRC-0035,high,
EDG-0044,SFW-PX4,VUL-CVE-2026-32743,affected_by,SRC-0036,high,
EDG-0045,SFW-PX4,VUL-CVE-2024-38952,affected_by,SRC-0037,high,
EDG-0049,DST-MMAUD,MDL-DJI-MAVIC2,dataset_covers,SRC-0017,high,
EDG-0050,VND-SKYDIO,MDL-SKYDIO-X10,manufactures,SRC-0041,high,canonical
EDG-0051,VND-SKYDIO,MDL-SKYDIO-2,manufactures,SRC-0042,high,canonical
EDG-0052,MDL-SKYDIO-X10,CMP-SKYDIO-RADIO,uses_component,SRC-0039,high,
EDG-0053,MDL-SKYDIO-X10,SRC-0039,documented_in,SRC-0039,high,
EDG-0054,DST-DUTANTIUAV,PAP-DUTANTIUAV,documented_in,SRC-0043,high,
EDG-0055,PAP-DUTANTIUAV,DST-DUTANTIUAV,documented_in,SRC-0040,high,
EDG-0059,CMP-SKYDIO-RADIO,VND-SKYDIO,supplied_by,SRC-0039,high,
EDG-0060,VND-AUTEL,MDL-AUTEL-EVONANO,manufactures,SRC-0003,high,canonical
EDG-0061,MDL-AUTEL-EVONANO,SFW-AUTEL-FW-GENERIC,runs_software,SRC-0045,high,
EDG-0062,MDL-AUTEL-EVONANO,VUL-CVE-2023-47335,affected_by,SRC-0045,high,
EDG-0063,MDL-AUTEL-EVONANO,VUL-CVE-2023-50121,affected_by,SRC-0046,high,
EDG-0064,MDL-PARROT-ANAFI,SFW-PARROT-FW-GENERIC,runs_software,SRC-0047,high,
EDG-0065,MDL-PARROT-ANAFI,VUL-CVE-2024-33844,affected_by,SRC-0047,high,
EDG-0067,CMP-GPS-UBLOX,VND-UBLOX,supplied_by,SRC-0052,high,类型级供应商
EDG-0068,SFW-PX4,PRT-SBUS,implements_protocol,SRC-0052,high,接收端协议支持
EDG-0069,SFW-ARDUPILOT,PRT-SBUS,implements_protocol,SRC-0052,high,接收端协议支持
EDG-0070,SFW-MAVSDK,OSS-MAVLINK,depends_on,SRC-0012,high,
EDG-0071,OSS-QGC,OSS-MAVLINK,depends_on,SRC-0007,high,
EDG-0072,SFW-MAVSDK,OSS-MAVSDK,documented_in,SRC-0012,high,软件实体对齐仓库
EDG-0073,VND-ARDUPILOT,OSS-ARDUPILOT,documented_in,SRC-0010,high,对称 EDG-0025
EDG-0074,PAP-ANTIUAV-REF,DST-ANTIUAV,documented_in,SRC-0015,high,系列门户指向数据集族
EDG-0076,OSS-MAVSDK,OSS-MAVLINK,depends_on,SRC-0012,high,
EDG-0075,CMP-GPS-UBLOX,SRC-0052,documented_in,SRC-0052,high,证据锚定；供应商边见 EDG-0067
