"id","label","type","aliases","status"
"VND-DJI","DJI","vendor","大疆;SZ DJI Technology Co. Ltd.","active"
"VND-AUTEL","Autel Robotics","vendor","道通;Autel","active"
"VND-PARROT","Parrot","vendor","Parrot SA","active"
"VND-SKYDIO","Skydio","vendor","Skydio Inc.","active"
"VND-HOLYWONE","Holybro","vendor","Holybro","active"
"VND-PX4","PX4 Autopilot","vendor","Dronecode;PX4","active"
"VND-ARDUPILOT","ArduPilot","vendor","APM","active"
"MDL-DJI-MAVIC3","DJI Mavic 3","model","Mavic 3 Classic;Mavic 3 Pro","active"
"MDL-DJI-MINI3","DJI Mini 3","model","Mini 3","active"
"MDL-DJI-MINI3PRO","DJI Mini 3 Pro","model","Mini 3 Pro","active"
"MDL-DJI-AIR2S","DJI Air 2S","model","Air 2S","active"
"MDL-DJI-MAVIC2","DJI Mavic 2","model","Mavic 2","active"
"MDL-DJI-PHANTOM4","DJI Phantom 4","model","Phantom 4","active"
"MDL-DJI-AVATA","DJI Avata","model","Avata","active"
"MDL-DJI-M300","DJI Matrice 300","model","M300;Matrice 300","active"
"MDL-AUTEL-EVO2","Autel EVO II","model","EVO 2","active"
"MDL-PARROT-ANAFI","Parrot Anafi","model","ANAFI","active"
"CMP-GPS-UBLOX","u-blox GNSS module","component","UBX","active"
"CMP-FC-STM32","STM32 flight controller MCU","component","STM32F4;STM32H7","active"
"CMP-RF-2G4","2.4GHz radio link module","component","2.4G ISM","active"
"SFW-DJI-SDK","DJI Mobile/Onboard SDK","software","DJI SDK;MSDK;OSDK","active"
"SFW-DJI-FW-GENERIC","DJI Aircraft Firmware","software","DJI FW","active"
"SFW-PX4","PX4 Autopilot Firmware","software","PX4","active"
"SFW-ARDUPILOT","ArduPilot Firmware","software","ArduPilot","active"
"SFW-MAVSDK","MAVSDK","software","mavsdk","active"
"PRT-MAVLINK","MAVLink","protocol","MAVLink 2","active"
"PRT-OCUC","DJI OcuSync","protocol","OcuSync 2.0;OcuSync 3.0;O3","active"
"PRT-WIFI","Wi-Fi control/video","protocol","802.11","active"
"PRT-SBUS","S.Bus","protocol","SBUS","active"
"VUL-CVE-2023-6951","CVE-2023-6951","vulnerability","Weak Wi-Fi credentials QuickTransfer","active"
"VUL-CVE-2023-51456","CVE-2023-51456","vulnerability","v2_sdk_service OOB","active"
"VUL-CVE-2023-51452","CVE-2023-51452","vulnerability","v2_sdk_service DoS","active"
"DST-ANTIUAV","Anti-UAV","dataset","Anti-UAV300;Anti-UAV410;Anti-UAV600","active"
"DST-DRONERF","DroneRF","dataset","DroneRF Dataset","active"
"DST-MMAUD","MMAUD","dataset","Multi-Modal Anti-UAV Dataset","active"
"DST-DUTANTIUAV","DUT Anti-UAV","dataset","DUT-Anti-UAV","active"
"OSS-ARDUPILOT","ArduPilot","opensource","https://github.com/ArduPilot/ardupilot","active"
"OSS-PX4","PX4-Autopilot","opensource","https://github.com/PX4/PX4-Autopilot","active"
"OSS-MAVLINK","mavlink","opensource","https://github.com/mavlink/mavlink","active"
"OSS-QGC","qgroundcontrol","opensource","https://github.com/mavlink/qgroundcontrol","active"
"PAP-DRONERF-DIB","DroneRF Data in Brief","paper","10.1016/j.dib.2019.104313","active"
"PAP-ANTIUAV410","Anti-UAV410 TPAMI","paper","10.1109/TPAMI.2023.3335338","active"
"PAP-MMAUD","MMAUD arXiv 2402.03706","paper","2402.03706","active"
"PAP-ANTIUAV-REF","Anti-UAV challenge series","paper","https://anti-uav.github.io/","active"
"VUL-CVE-2026-32709","CVE-2026-32709","vulnerability","PX4 MAVLink FTP path traversal","active"
"VUL-CVE-2026-32743","CVE-2026-32743","vulnerability","PX4 MavlinkLogHandler overflow","active"
"VUL-CVE-2024-38952","CVE-2024-38952","vulnerability","PX4 logger buffer overflow","active"
"MDL-DJI-MAVIC3PRO","DJI Mavic 3 Pro","model","Mavic 3 Pro Cine","active"
"MDL-DJI-MAVIC3CLASSIC","DJI Mavic 3 Classic","model","Mavic 3 Classic","active"
"MDL-SKYDIO-X10","Skydio X10","model","X10","active"
"MDL-SKYDIO-2","Skydio 2 / 2+","model","Skydio 2+;SDRC2V1;SDR35V1","active"
"CMP-SKYDIO-RADIO","Skydio Connect radio module","component","SMODBV3;SMO5GV1","active"
"PAP-DUTANTIUAV","Vision-based Anti-UAV Detection and Tracking","paper","10.1109/TITS.2022.3177627","active"
"MDL-AUTEL-EVONANO","Autel EVO Nano","model","EVO Nano","active"
"SFW-AUTEL-FW-GENERIC","Autel Aircraft Firmware","software","Autel FW","active"
"SFW-PARROT-FW-GENERIC","Parrot ANAFI Firmware","software","ANAFI FW","active"
"VUL-CVE-2023-47335","CVE-2023-47335","vulnerability","Autel EVO Nano NFZ permissions","active"
"VUL-CVE-2023-50121","CVE-2023-50121","vulnerability","Autel EVO Nano DoS","active"
"VUL-CVE-2024-33844","CVE-2024-33844","vulnerability","Parrot ANAFI MAV_MISSION_TYPE","active"
"VND-UBLOX","u-blox","vendor","u-blox AG;UBX","active"
"OSS-MAVSDK","MAVSDK","opensource","https://github.com/mavlink/MAVSDK","active"
