file_id,relative_path,sha256,size_bytes,mime_type,extension,source_id,archived_at
FILE-3FD15C79FA4A605F,data/raw/downloaded/SRC-DRONERF-1C11757D5B/3fd15c79fa4a605f/RF_Data_10000_L.rar,3fd15c79fa4a605fedb118748661861837e9ca186328d444d90731069f6d49fd,217760401,application/x-rar-compressed,.rar,,2026-10-08T05:23:54Z
FILE-4D8E329F48D1C3B5,data/raw/downloaded/SRC-DRONERF-1C11757D5B/4d8e329f48d1c3b5/RF_Data_10000_H.rar,4d8e329f48d1c3b54847d976ff45f3babc5ca6a2a23178b06160387a4eeb2f12,173545467,application/x-rar-compressed,.rar,,2026-10-08T05:23:55Z
FILE-E45FFFA687CD8A8E,datasets/.DS_Store,e45fffa687cd8a8e88da5efe4b38ed1ad18b79272c83a0d1b24bb7ced492976c,6148,application/octet-stream,,,2026-10-08T05:23:55Z
FILE-D1DBA391894C2E56,datasets/member1_model_research/无人机型号与结构化资料调研.xlsx,d1dba391894c2e56761b03096c697de1a17b51eeb44cf99df16cb4c225ef4d8b,73312,application/vnd.openxmlformats-officedocument.spreadsheetml.sheet,.xlsx,,2026-10-08T05:23:55Z
FILE-FD0CDBF203000D7E,datasets/member2_controlled_samples/README.md,fd0cdbf203000d7e537bc6ed065b6c6000150b3ec6b39b4833b37b865606ec4e,627,application/octet-stream,.md,,2026-10-08T05:23:55Z
FILE-3AFEF582D25D1028,datasets/member2_controlled_samples/SHA256.txt,3afef582d25d10288f87cf7a1693d74fb3d86546b16ad63cec01f22856bc5e49,501,text/plain,.txt,,2026-10-08T05:23:55Z
FILE-717E57860518D582,datasets/member2_controlled_samples/delivery_summary.json,717e57860518d582b856b29aa4fea8ef6d8e3313b3aac02267d92783fad57afb,4106,application/json,.json,,2026-10-08T05:23:55Z
FILE-F4C581BD626ADE47,datasets/member2_controlled_samples/packages/Anti-UAV300_rgb_ir_sequence_val_20190926_200510_1_8.zip,f4c581bd626ade47b8a52fc56cd417a7186258cfbf00c64ab211a0da0b8f8f4a,12200150,application/zip,.zip,,2026-10-08T05:23:55Z
FILE-E45CE74C5BDA4BCE,datasets/member2_controlled_samples/packages/DroneRF_parrot_bebop_on_lh_pair_segment0.zip,e45ce74c5bda4bcef51dbf9a7ae523bc016411048c237c95b183234c5657405e,16989820,application/zip,.zip,,2026-10-08T05:23:55Z
FILE-A1C87E498A55EB65,datasets/member2_controlled_samples/packages/MMAUD_UG2_val_seq0001_camera_lidar_radar_sample.zip,a1c87e498a55eb650d6a24f251a11663a3bc09b03db99029bd3bec8271c3eaad,2275943,application/zip,.zip,,2026-10-08T05:23:55Z
FILE-37B725680F02E3A2,datasets/member2_controlled_samples/sample_manifest.csv,37b725680f02e3a29f8b6bd06806625b5243438393fe3a69b907952daaa064ce,2863,text/csv,.csv,,2026-10-08T05:23:55Z
FILE-38255A05445BBA99,datasets/member2_controlled_samples/sample_manifest.json,38255a05445bba993cfa68416299749e30a009632de9c26bf07e5258ff082ee1,3735,application/json,.json,,2026-10-08T05:23:55Z
FILE-AB664BC01B4C4157,datasets/member2_multimodal_datasets/README.md,ab664bc01b4c4157de304b21d73e5d66ae43368c8c35094c68df6ae703ee6fce,4293,application/octet-stream,.md,,2026-10-08T05:23:55Z
FILE-04C5509639E3D9E5,datasets/member2_multimodal_datasets/dataset_cards/Anti-UAV300.json,04c5509639e3d9e5447fc199d1501dbcf0198cc1ef85d60db3969b59eb122df8,22934,application/json,.json,,2026-10-08T05:23:55Z
FILE-E0DFC679063C98AC,datasets/member2_multimodal_datasets/dataset_cards/Anti-UAV300.md,e0dfc679063c98acb0cfce6cf3a747f0c28bd56e93e50dc4c668028298f8479c,6431,application/octet-stream,.md,,2026-10-08T05:23:55Z
FILE-ABF491ED0D70DAA1,datasets/member2_multimodal_datasets/dataset_cards/DroneRF.json,abf491ed0d70daa19a1106a70b49f00dbc84552c481e46260405f5a1af17ce47,35339,application/json,.json,,2026-10-08T05:23:55Z
FILE-71C6E39D5F7C17FE,datasets/member2_multimodal_datasets/dataset_cards/DroneRF.md,71c6e39d5f7c17fe7f7d59e5b60da229f90521854fb8e0507c0ad00b29813f24,11374,application/octet-stream,.md,,2026-10-08T05:23:55Z
FILE-3D111FFC47967F05,datasets/member2_multimodal_datasets/dataset_cards/MMAUD.json,3d111ffc47967f05890e306cc7adc1dc99370f642c3dee4582f2d7a6e02d2090,30461,application/json,.json,,2026-10-08T05:23:55Z
FILE-FFFF7FB3CC5E58C7,datasets/member2_multimodal_datasets/dataset_cards/MMAUD.md,ffff7fb3cc5e58c753562e3abaac2ccec4d1025098476419f12d7ad5909d261c,11905,application/octet-stream,.md,,2026-10-08T05:23:55Z
FILE-D324873A1D74D5FF,datasets/member2_multimodal_datasets/dataset_summary.csv,d324873a1d74d5ff9adcde21ecdd9724e399140d46e797686c4a821e71447168,1935,text/csv,.csv,,2026-10-08T05:23:55Z
FILE-525D4EF32739F36D,datasets/member2_multimodal_datasets/docs/dataset_comparison.md,525d4ef32739f36dcc89e4a981626f1fbe919575e98774d9f0922226c1ac48db,1277,application/octet-stream,.md,,2026-10-08T05:23:55Z
FILE-3827E6B781A90EE9,datasets/member2_multimodal_datasets/docs/delivery_notes.md,3827e6b781a90ee9268f0ad4dadc938ad7b6e8dd66cfff5726c1ced221a64f1f,1113,application/octet-stream,.md,,2026-10-08T05:23:55Z
FILE-A904E7EBDF0A49E6,datasets/member2_multimodal_datasets/docs/member2_brief_delivery_report.md,a904e7ebdf0a49e6d13f8c50b0bd357cbf7f37d134a43d62323952ae1bf4dc28,6098,application/octet-stream,.md,,2026-10-08T05:23:55Z
FILE-05C62EADEEBF02DD,datasets/member2_multimodal_datasets/docs/validation_methodology.md,05c62eadeebf02dd6bae1b6e9bc9d77c7bd45d322f7c6a8b54147cd7f42b52f0,1968,application/octet-stream,.md,,2026-10-08T05:23:55Z
FILE-D2B374608F250FDA,datasets/member2_multimodal_datasets/modality_coverage.csv,d2b374608f250fdae12c72cbd59d7537cf8d524dcb3095e9fdbac5b73d1e6c44,362,text/csv,.csv,,2026-10-08T05:23:55Z
FILE-0EB4D2DA74974187,datasets/member2_multimodal_datasets/source_manifest.csv,0eb4d2da7497418740ad4f837155076eecb93e0f799c0eea3b4f1acf1c92a5b4,1907,text/csv,.csv,,2026-10-08T05:23:55Z
FILE-A8EE924E7530A934,datasets/member2_multimodal_datasets/validation_matrix.csv,a8ee924e7530a934a98ccce82f2a37af1fe1956dbd3eaf7de4eb7a344f655d70,520,text/csv,.csv,,2026-10-08T05:23:55Z
FILE-C5B0B42BF4A0220D,datasets/member2_multimodal_datasets/validation_records/Anti-UAV300/Anti-UAV300_cross_modal_validation.json,c5b0b42bf4a0220dea62e94426b5d44958538353c170406b78b6b0dd08154302,238269,application/json,.json,,2026-10-08T05:23:55Z
FILE-7843D6E561236BF8,datasets/member2_multimodal_datasets/validation_records/Anti-UAV300/Anti-UAV300_cross_modal_validation.md,7843d6e561236bf80542ad2bfa653a4dff86d1e7dcd57fcc916b1309b8526ac1,8707,application/octet-stream,.md,,2026-10-08T05:23:55Z
FILE-881EF57478B56A72,datasets/member2_multimodal_datasets/validation_records/Anti-UAV300/Anti-UAV300_download_validation.json,881ef57478b56a726cf3661c6b9dd1b19e6f9e333cfae535c323ae87a0697b7d,2139,application/json,.json,,2026-10-08T05:23:55Z
FILE-81FECCE5988E4619,datasets/member2_multimodal_datasets/validation_records/Anti-UAV300/Anti-UAV300_download_validation.md,81fecce5988e46190a67e778e557c69d690e8a7c3407deff431c0c65742256a2,3103,application/octet-stream,.md,,2026-10-08T05:23:55Z
FILE-8C81415DCD841222,datasets/member2_multimodal_datasets/validation_records/Anti-UAV300/Anti-UAV300_file_inspection.json,8c81415dcd841222bb924ad8c1656f04e7180fcc5b30fee14d24aaccc890faa6,45886,application/json,.json,,2026-10-08T05:23:55Z
FILE-DED576E90712B842,datasets/member2_multimodal_datasets/validation_records/Anti-UAV300/Anti-UAV300_file_inspection.md,ded576e90712b8425127c072402bba8448b2921f97ab389d22981740ca4c5ae9,5180,application/octet-stream,.md,,2026-10-08T05:23:55Z
FILE-B1780FFA42EE881D,datasets/member2_multimodal_datasets/validation_records/Anti-UAV300/download_manifest.json,b1780ffa42ee881d047d8790d0ff67a8b9222c4d37f47015a8305fbd8e3c7fdd,4341,application/json,.json,,2026-10-08T05:23:55Z
FILE-0738C96D156719B9,datasets/member2_multimodal_datasets/validation_records/DroneRF/DroneRF_download_validation.json,0738c96d156719b9a1b2b8dd209e5ae1b2c4231f2e2904ce7d81e838301fd5c3,3815,application/json,.json,,2026-10-08T05:23:55Z
FILE-3E5EE41D6C256652,datasets/member2_multimodal_datasets/validation_records/DroneRF/DroneRF_download_validation.md,3e5ee41d6c256652fd483273e081513171134cbe87f29fe5edbfa6ff7066ba2f,3286,application/octet-stream,.md,,2026-10-08T05:23:55Z
FILE-5CF706218F7A7CA0,datasets/member2_multimodal_datasets/validation_records/DroneRF/DroneRF_file_inspection.json,5cf706218f7a7ca0192960dfccba979a14e49a879c642298ece9edb7cbcbde6e,8236,application/json,.json,,2026-10-08T05:23:55Z
FILE-5A8974F8A162941D,datasets/member2_multimodal_datasets/validation_records/DroneRF/DroneRF_file_inspection.md,5a8974f8a162941d3eb1a284baf2baa57275d3102b61e3bcedeb8ec8c83b6daf,6621,application/octet-stream,.md,,2026-10-08T05:23:55Z
FILE-B79B74B6A0017AC8,datasets/member2_multimodal_datasets/validation_records/DroneRF/download_manifest.json,b79b74b6a0017ac8208ea0bacd6accb58ae9fd8885d365e6e186a06438fd94f7,6761,application/json,.json,,2026-10-08T05:23:55Z
FILE-6B79B2F071BB56F1,datasets/member2_multimodal_datasets/validation_records/MMAUD/MMAUD_cross_modal_validation.json,6b79b2f071bb56f1d60355c4db9c5b05aa69d7499a6f3e6fc489f24113c8e1f2,74625,application/json,.json,,2026-10-08T05:23:55Z
FILE-DA5F7B0C58E0F560,datasets/member2_multimodal_datasets/validation_records/MMAUD/MMAUD_cross_modal_validation.md,da5f7b0c58e0f560acb6953405bc4c48d803580f636b93c2cdaf260f115fe342,7280,application/octet-stream,.md,,2026-10-08T05:23:55Z
FILE-F6CC49328D6A7CBA,datasets/member2_multimodal_datasets/validation_records/MMAUD/MMAUD_file_inspection.json,f6cc49328d6a7cba2a4b0c35054a2747b941385aa172b484584cd30c2743aa47,23720,application/json,.json,,2026-10-08T05:23:55Z
FILE-816D982651DF47C7,datasets/member2_multimodal_datasets/validation_records/MMAUD/MMAUD_file_inspection.md,816d982651df47c719aea03a94208e01ed0f84b48622eeea980bc67ab08df070,10356,application/octet-stream,.md,,2026-10-08T05:23:55Z
FILE-275606B77679B73A,datasets/member2_multimodal_datasets/validation_records/MMAUD/MMAUD_sample_validation.json,275606b77679b73aca8e239ddaabe740e6d85dea61a2199f8fcccc60027b7313,4917,application/json,.json,,2026-10-08T05:23:55Z
FILE-E1E29963C1B906DC,datasets/member2_multimodal_datasets/validation_records/MMAUD/MMAUD_sample_validation.md,e1e29963c1b906dc275df974835b1cbecba1583a1e7a7ad4db38b044306f1eb7,4767,application/octet-stream,.md,,2026-10-08T05:23:55Z
FILE-4334F1F7A09C1B14,datasets/member2_multimodal_datasets/validation_records/MMAUD/MMAUD_val_download_validation.md,4334f1f7a09c1b14e08b8019656c4d7c8dffea52d2965c4b049198006c4cdcf3,2033,application/octet-stream,.md,,2026-10-08T05:23:55Z
FILE-EF97666B2E91D9F3,datasets/member2_multimodal_datasets/validation_records/MMAUD/download_manifest.json,ef97666b2e91d9f35a4131a778a26d6f78f385b0528597e4f775b5b17ff4c93d,5196,application/json,.json,,2026-10-08T05:23:55Z
FILE-F2805F63F7A5CC14,datasets/member2_multimodal_datasets/validation_reports/Anti-UAV300_final_validation_report.md,f2805f63f7a5cc14811391442dbca420b3229e9381a5192c0db4be00a6a96437,9323,application/octet-stream,.md,,2026-10-08T05:23:55Z
FILE-5DF626223910487D,datasets/member2_multimodal_datasets/validation_reports/DroneRF_final_validation_report.md,5df626223910487d57aece3f3e399e891d6b094352447c7ed9f606c5ce649a82,8691,application/octet-stream,.md,,2026-10-08T05:23:55Z
FILE-C7EB4C29ADC76994,datasets/member2_multimodal_datasets/validation_reports/MMAUD_final_validation_report.md,c7eb4c29adc769949d259c10e8f5716c37925f384f5532b11f457f7b4bd7f7fe,11288,application/octet-stream,.md,,2026-10-08T05:23:55Z
FILE-5F2C8E3A2F4DE308,datasets/member3_relative_resources/00_规范与模板/README_人员三工作说明.md,5f2c8e3a2f4de308acf77ae1ee36fda6db2e781655160a4532e3586b1f6084ae,2284,application/octet-stream,.md,,2026-10-08T05:23:55Z
FILE-07A8D5FF05F199EC,datasets/member3_relative_resources/00_规范与模板/validate_csvs.ps1,07a8d5ff05f199ecab9ca0942ab6651312a8538675c0a494a2eb37462a79a0d5,3774,application/octet-stream,.ps1,,2026-10-08T05:23:55Z
FILE-4A4C7B42C2319BFF,datasets/member3_relative_resources/00_规范与模板/关联关系表_模板.csv,4a4c7b42c2319bff4d2b308821cdd268c897ad908c3a48fefdfae11591c878eb,215,text/csv,.csv,,2026-10-08T05:23:55Z
FILE-1C9AAB1B68EE7CB5,datasets/member3_relative_resources/00_规范与模板/冲突登记_模板.csv,1c9aab1b68ee7cb59212c8f16501fcf738de309b944a829260436a9e9ffec892,227,text/csv,.csv,,2026-10-08T05:23:55Z
FILE-54EAF68DA6221D3C,datasets/member3_relative_resources/00_规范与模板/去重清单_模板.csv,54eaf68da6221d3c7ac4c72cf8682547e14a9464ddc38b3a9a6da3814df541d9,184,text/csv,.csv,,2026-10-08T05:23:55Z
FILE-1E1FED465E3D1105,datasets/member3_relative_resources/00_规范与模板/命名与ID规范.md,1e1fed465e3d1105d53fabd9f3e01b16de1e58bba12a0404ff31d62da1f7cda0,1411,application/octet-stream,.md,,2026-10-08T05:23:55Z
FILE-178A6014E7469E66,datasets/member3_relative_resources/00_规范与模板/哈希清单_模板.csv,178a6014e7469e66824e8d57f9c3395163041af121be8c0b41ad6ad2d7b3d22d,179,text/csv,.csv,,2026-10-08T05:23:55Z
FILE-126DC3C0B393E7C6,datasets/member3_relative_resources/00_规范与模板/实体表_模板.csv,126dc3c0b393e7c62ec6fd1aabf62153493913c538bbb4dfd8a7dd0716549473,131,text/csv,.csv,,2026-10-08T05:23:55Z
FILE-64AEE196A1A0BBD0,datasets/member3_relative_resources/00_规范与模板/收集进度_模板.csv,64aee196a1a0bbd0d5bd777106026ed9a9bbe27474db47fc8f2ee90cc8a88770,145,text/csv,.csv,,2026-10-08T05:23:55Z
FILE-2B270854433D71A7,datasets/member3_relative_resources/00_规范与模板/数据缺口_模板.csv,2b270854433d71a799c5c0af08f0b7687f28acff7f2312c6787bae3f8407633a,206,text/csv,.csv,,2026-10-08T05:23:55Z
FILE-8202EE2CA260E476,datasets/member3_relative_resources/00_规范与模板/新来源登记一页纸.md,8202ee2ca260e4769a2eced773bdf127a9f508c948c1d412ec3a2e0a1009e17c,680,application/octet-stream,.md,,2026-10-08T05:23:55Z
FILE-C9BF8DD7476C9A98,datasets/member3_relative_resources/00_规范与模板/来源总表_模板.csv,c9bf8dd7476c9a98ddc0dac2e94823a092ef9f3092aa3e7f26592398a21d7300,276,text/csv,.csv,,2026-10-08T05:23:55Z
FILE-1D9A136B486EA6C6,datasets/member3_relative_resources/00_规范与模板/许可问题_模板.csv,1d9a136b486ea6c673406b78219a203a8be91a1864d8ce5f12c55c4a0c6ea65d,218,text/csv,.csv,,2026-10-08T05:23:55Z
FILE-2D8E2CD653908593,datasets/member3_relative_resources/01_来源总表/来源总表.csv,2d8e2cd6539085937ee22d935423f80c49754deec9bddb5f04f8b47eb54e56d9,11584,text/csv,.csv,,2026-10-08T05:23:55Z
FILE-AFEAB96E07B94E30,datasets/member3_relative_resources/02_关联关系表/关联关系表.csv,afeab96e07b94e3093e3e51bb89a48be6b972a62faff0796a3f7ac621d620f8e,9472,text/csv,.csv,,2026-10-08T05:23:55Z
FILE-70D5769359A6694F,datasets/member3_relative_resources/02_关联关系表/实体表.csv,70d5769359a6694f90ae8f0378fe107f79dc2e7db1aed3d37fbe163a98398996,5986,text/csv,.csv,,2026-10-08T05:23:55Z
FILE-37A2A62AABA23A0A,datasets/member3_relative_resources/03_论文与开源/开源项目登记表.csv,37a2a62aaba23a0ab2d3adfe467bcd0efe2376543af4b91aea5450d7b5cb3332,774,text/csv,.csv,,2026-10-08T05:23:55Z
FILE-C985F4A08B6EFBCF,datasets/member3_relative_resources/03_论文与开源/数据卡草稿_Anti-UAV_draft_by_person3.md,c985f4a08b6efbcf6f8736305fdf202fc75186fc7417bb903d9f2448de68dc2d,1548,application/octet-stream,.md,,2026-10-08T05:23:55Z
FILE-2C5E89C305CD4984,datasets/member3_relative_resources/03_论文与开源/数据卡草稿_DUT-Anti-UAV_draft_by_person3.md,2c5e89c305cd4984d0fc823cc773582b5af5f94dc003b6c11459df869d33f9cc,642,application/octet-stream,.md,,2026-10-08T05:23:55Z
FILE-34DCB3AC8ACB413C,datasets/member3_relative_resources/03_论文与开源/数据卡草稿_DroneRF_draft_by_person3.md,34dcb3ac8acb413c1ac2bd10eebc147c6be0afb66999671bc8911d8307c95815,1145,application/octet-stream,.md,,2026-10-08T05:23:55Z
FILE-D3ACB69D447AA785,datasets/member3_relative_resources/03_论文与开源/数据卡草稿_MMAUD_draft_by_person3.md,d3acb69d447aa785d59068972c6942f51116b3bad5a87749d417945bf80c4d29,1187,application/octet-stream,.md,,2026-10-08T05:23:55Z
FILE-2AB27C30A05F5AB4,datasets/member3_relative_resources/03_论文与开源/论文登记表.csv,2ab27c30a05f5ab46d84455462cc78583b0242e09bf3c67c58ec9b020be3cef4,1260,text/csv,.csv,,2026-10-08T05:23:55Z
FILE-16A652A7AA560EA6,datasets/member3_relative_resources/04_安全公告与供应链/FCC_Grant下载本轮清单.md,16a652a7aa560ea673f7e2304406caba59a4a927cad6b161be72b7280ebe6b21,2046,application/octet-stream,.md,,2026-10-08T05:23:55Z
FILE-88F184F927FA1EE3,datasets/member3_relative_resources/04_安全公告与供应链/FCC候选ID表.csv,88f184f927fa1ee3e888ee232971e330020c98715f44fc5d0af27fba702c806e,2564,text/csv,.csv,,2026-10-08T05:23:55Z
FILE-90B02F114DCEFCCC,datasets/member3_relative_resources/04_安全公告与供应链/供应链关系表.csv,90b02f114dcefccc62f2a24458c62986402461c397b3b7ea24035af9bb06d556,726,text/csv,.csv,,2026-10-08T05:23:55Z
FILE-1E620420ED58F29B,datasets/member3_relative_resources/04_安全公告与供应链/安全公告登记表.csv,1e620420ed58f29bfbbbd100cba70e48e81bdb1bc88ede506df976c4097c0db8,2888,text/csv,.csv,,2026-10-08T05:23:55Z
FILE-C103495F775CE567,datasets/member3_relative_resources/05_归档与哈希/compute_hashes.ps1,c103495f775ce567c247f54b0c5f3c8f72849ab7a459d4736a5cf23d0cb30a2d,1675,application/octet-stream,.ps1,,2026-10-08T05:23:55Z
FILE-C21EB475781C3755,datasets/member3_relative_resources/05_归档与哈希/hash_manifest.csv,c21eb475781c3755ab2f1c9db1e921e7faaf63ab9b950c1611d15b31382afb4a,3383,text/csv,.csv,,2026-10-08T05:23:55Z
FILE-C21EB475781C3755,datasets/member3_relative_resources/05_归档与哈希/哈希清单.csv,c21eb475781c3755ab2f1c9db1e921e7faaf63ab9b950c1611d15b31382afb4a,3383,text/csv,.csv,,2026-10-08T05:23:55Z
FILE-A63625E98C87429A,datasets/member3_relative_resources/05_归档与哈希/归档与哈希SOP.md,a63625e98c87429a5ae5c59fc80bf8b9b05869cd5bb8ae39acc108fc94d717c2,1102,application/octet-stream,.md,,2026-10-08T05:23:55Z
FILE-458B4E02114A7482,datasets/member3_relative_resources/06_去重与冲突/冲突登记表.csv,458b4e02114a74825fc95d9369d997279bb946a6fc2e42050476f05180f1aaa7,842,text/csv,.csv,,2026-10-08T05:23:55Z
FILE-909DC7DEDACA4F75,datasets/member3_relative_resources/06_去重与冲突/去重清单.csv,909dc7dedaca4f75f7eed68a912c53cd40d4e25c43b412324261d97c7d2e6cd0,138,text/csv,.csv,,2026-10-08T05:23:55Z
FILE-8207C02687513761,datasets/member3_relative_resources/06_去重与冲突/重复边证据策略.md,8207c02687513761a0c25528f85cb2beaaa8aa3574b55fc9246fd0efb91c102d,1400,application/octet-stream,.md,,2026-10-08T05:23:55Z
FILE-472B30DD7088217C,datasets/member3_relative_resources/07_缺口许可进度/收集进度表.csv,472b30dd7088217c0ae4686345a06bbf5028037ef52ac65f69a0dc26bd0753c2,490,text/csv,.csv,,2026-10-08T05:23:55Z
FILE-860201204C343F2A,datasets/member3_relative_resources/07_缺口许可进度/数据缺口表.csv,860201204c343f2ac3834c4276bc28e0b30947204d36fc43584e34b90f6fb06a,1788,text/csv,.csv,,2026-10-08T05:23:55Z
FILE-FB56B82EADD6B7F0,datasets/member3_relative_resources/07_缺口许可进度/许可问题表.csv,fb56b82eadd6b7f082d8acb97ec43bae1e63a2734518c5581663cfd7edb1e3d5,2168,text/csv,.csv,,2026-10-08T05:23:55Z
FILE-E6A7A059172094F3,datasets/member3_relative_resources/08_图谱关系导出/Graph字段说明_一页纸.md,e6a7a059172094f32e5fd83b8e4ba42fe85f3ff4e4eb68564336472506d333b5,2055,application/octet-stream,.md,,2026-10-08T05:23:55Z
FILE-93C72EA5AEE54A5E,datasets/member3_relative_resources/08_图谱关系导出/README.md,93c72ea5aee54a5ec343caaaee39cce116f3aefa428ec56c8c5d4964a4fe612f,431,application/octet-stream,.md,,2026-10-08T05:23:55Z
FILE-274E2A015216520D,datasets/member3_relative_resources/08_图谱关系导出/edges.csv,274e2a015216520d076ee40e9cef499a1d04cf3ef0e7abdd97ccc51b9c41cd40,5828,text/csv,.csv,,2026-10-08T05:23:55Z
FILE-2E2880A56E023FC4,datasets/member3_relative_resources/08_图谱关系导出/edges_public.csv,2e2880a56e023fc4e4ecb1e4986ce9e1e856342131a709f3316aaefde94b4883,4220,text/csv,.csv,,2026-10-08T05:23:55Z
FILE-717482B015588DB0,datasets/member3_relative_resources/08_图谱关系导出/edges_public_README.txt,717482b015588db02790e423e248c1adb3c640603eb9f298bb0436f78b87cced,217,text/plain,.txt,,2026-10-08T05:23:55Z
FILE-B37B931ABEA675A3,datasets/member3_relative_resources/08_图谱关系导出/export_edges_public.ps1,b37b931abea675a3e99ae7cc00443b0109654eb0032f0612482ff19716311643,1651,application/octet-stream,.ps1,,2026-10-08T05:23:55Z
FILE-2B3EBDC1EA2CC4D4,datasets/member3_relative_resources/08_图谱关系导出/graph_selfcheck_report.txt,2b3ebdc1ea2cc4d426f32a59b4ceb73bb1c4ee831f125dfe74aedef2531b9b8e,418,text/plain,.txt,,2026-10-08T05:23:55Z
FILE-64026817013C1AE0,datasets/member3_relative_resources/08_图谱关系导出/nodes.csv,64026817013c1ae07359ed08c5565accd873d0325957700ef8607caeb9bc48bd,4481,text/csv,.csv,,2026-10-08T05:23:55Z
FILE-15A00773FCB95573,datasets/member3_relative_resources/09_阶段报告/README.md,15a00773fcb95573051c1a41bef0d1418b9c20fd02a6ca439a6f66ad10b19129,1981,application/octet-stream,.md,,2026-10-08T05:23:55Z
FILE-68F553DA0406FDE1,datasets/member3_relative_resources/09_阶段报告/下一阶段检查清单.md,68f553da0406fde1cb5ca9f776fe39d7502bc61e8d3c562a5300b274b1ca5283,683,application/octet-stream,.md,,2026-10-08T05:23:55Z
FILE-C048F14B24261FC3,datasets/member3_relative_resources/09_阶段报告/历史/README.md,c048f14b24261fc33903e3b930826f4f5304516744cc699d6ba46cbdb8e9b5ae,529,application/octet-stream,.md,,2026-10-08T05:23:55Z
FILE-1ACF3EB7274056FB,datasets/member3_relative_resources/09_阶段报告/历史/单干周报_2026W40.md,1acf3eb7274056fbbf22be9e6f952492e702b6cafa89acee6f45df0ef5e8e72f,1501,application/octet-stream,.md,,2026-10-08T05:23:55Z
FILE-D6A959CAFEE16131,datasets/member3_relative_resources/09_阶段报告/历史/单干续报_20260929下午.md,d6a959cafee161319517e318bd88e499cd7740974b249d2f67b58ea00ebfe9d5,1041,application/octet-stream,.md,,2026-10-08T05:23:55Z
FILE-D4B57DA0F9A94E30,datasets/member3_relative_resources/09_阶段报告/历史/单干续报_edges_public与AutelParrotCVE.md,d4b57da0f9a94e30fab5581087ec3c2de0bf8429db3e0810f5654c17d63549c0,862,application/octet-stream,.md,,2026-10-08T05:23:55Z
FILE-1EEE537E9B9A9EFE,datasets/member3_relative_resources/09_阶段报告/历史/阶段汇总报告_2026W13.md,1eee537e9b9a9efe298be29913fb8961fc6adfcce02790a566ae97764ab5d457,2918,application/octet-stream,.md,,2026-10-08T05:23:55Z
FILE-3F71C1D8E2DEC25B,datasets/member3_relative_resources/09_阶段报告/历史/阶段进展_任务1234_20260929.md,3f71c1d8e2dec25b68ecaae1c114fb97c8dab5894beb4790bf589a825867b23f,1049,application/octet-stream,.md,,2026-10-08T05:23:55Z
FILE-0C4793E9E8DAFC93,datasets/member3_relative_resources/09_阶段报告/对接/交接需求清单_人员一二.md,0c4793e9e8dafc93f2b04c6dda87567a632e1170a78dadc6f48b81ea20a7a484,4810,application/octet-stream,.md,,2026-10-08T05:23:55Z
FILE-1C29559B623312B5,datasets/member3_relative_resources/09_阶段报告/对接/催办短消息_20260929.md,1c29559b623312b59f17e4e991881ba47bc00076581bf6bab4419d2be09c4856,1801,application/octet-stream,.md,,2026-10-08T05:23:55Z
FILE-73EF34BB4CB8F4D3,datasets/member3_relative_resources/09_阶段报告/对接/对接细节总表.md,73ef34bb4cb8f4d355d6978f3a9592d13814bf0fb65124758d21db304907e699,7255,application/octet-stream,.md,,2026-10-08T05:23:55Z
FILE-06ED75577E45505B,datasets/member3_relative_resources/09_阶段报告/对接/汇报提纲_20260929.md,06ed75577e45505b89a99e2ff407301600734301b0bfe96185ef86b8cce32ade,2691,application/octet-stream,.md,,2026-10-08T05:23:55Z
FILE-56635290CC3C9C1C,datasets/member3_relative_resources/09_阶段报告/阶段总报告_当前_20260929.md,56635290cc3c9c1ce81ae6ae02a692edff2b77f7cbf7e68df5511003a6ebffd8,4668,application/octet-stream,.md,,2026-10-08T05:23:55Z
FILE-3AC43A2DE64A271F,datasets/member3_relative_resources/raw_archive/advisory/SRC-0021_CVE-2023-6951_snapshot_20260929.txt,3ac43a2de64a271fa616659f0a083e1f8e90424fb6c604e313c8cba867d227ee,774,text/plain,.txt,,2026-10-08T05:23:55Z
FILE-EF37D7C6DEA1B33E,datasets/member3_relative_resources/raw_archive/advisory/SRC-0022_CVE-2023-51456_snapshot_20260929.txt,ef37d7c6dea1b33ed65b7fa30958b687e219f391bc4aa4f3baac87d4db4a139e,533,text/plain,.txt,,2026-10-08T05:23:55Z
FILE-E9E6BE12302EE7C0,datasets/member3_relative_resources/raw_archive/advisory/SRC-0023_CVE-2023-51452_snapshot_20260929.txt,e9e6be12302ee7c04f412ec11bcf6f4459e98af464b2310ae96691ed07e6cc9f,429,text/plain,.txt,,2026-10-08T05:23:55Z
FILE-FDC378FB14ECF91D,datasets/member3_relative_resources/raw_archive/advisory/SRC-0035_0037_PX4_CVE_snapshots_20260929.txt,fdc378fb14ecf91df4fa6eab7cec6e339dd15ea624a429a2be521fe21e03ec29,742,text/plain,.txt,,2026-10-08T05:23:55Z
FILE-76C41BA3C6628C5F,datasets/member3_relative_resources/raw_archive/advisory/SRC-0045_0047_Autel_Parrot_CVE_snapshots_20260929.txt,76c41ba3c6628c5f624bdbd106df95c659657172f52aad3ce1674d4113e733b5,1241,text/plain,.txt,,2026-10-08T05:23:55Z
FILE-FD05A43A282F5A43,datasets/member3_relative_resources/raw_archive/dataset_meta/SRC-0015_AntiUAV_evidence_snapshot_20260929.txt,fd05a43a282f5a4369b333825c3d7624ccac7fe17de42c3485b3fb2bdcbb5c5b,584,text/plain,.txt,,2026-10-08T05:23:55Z
FILE-279C3A851A684782,datasets/member3_relative_resources/raw_archive/dataset_meta/SRC-0016_DroneRF_evidence_snapshot_20260929.txt,279c3a851a684782c98301d37221ef02ac0728937f994d2e5464485b26948d01,537,text/plain,.txt,,2026-10-08T05:23:55Z
FILE-C387D5EF380E2EED,datasets/member3_relative_resources/raw_archive/dataset_meta/SRC-0017_MMAUD_evidence_snapshot_20260929.txt,c387d5ef380e2eed6d02971133aba5eaf250bc5de775c39d8b5340bae9cdc574,582,text/plain,.txt,,2026-10-08T05:23:55Z
FILE-E4407B1D5E7F9805,datasets/member3_relative_resources/raw_archive/dataset_meta/SRC-0040_DUT_AntiUAV_snapshot_20260929.txt,e4407b1d5e7f9805816f4c915fe1d6291121df8186a5f553d29e8474e2d11c74,710,text/plain,.txt,,2026-10-08T05:23:55Z
FILE-2F3A666376F081B7,datasets/member3_relative_resources/raw_archive/opensource/SRC-0007_MAVLink_docs_snapshot_20260929.txt,2f3a666376f081b7f2eef85f8dc87094abc66bee73150a91b9e551a0e0e04aa1,263,text/plain,.txt,,2026-10-08T05:23:55Z
FILE-3F9EC6E1951C3038,datasets/member3_relative_resources/raw_archive/opensource/SRC-0015_AntiUAV_LICENSE_20260929.txt,3f9ec6e1951c3038abaa37d958b46402fbe231242ba6ffc837295d05004e2d9d,1066,text/plain,.txt,,2026-10-08T05:23:55Z
FILE-8CEB4B9EE5ADEDDE,datasets/member3_relative_resources/raw_archive/opensource/SRC-0027_ArduPilot_COPYING_20260929.txt,8ceb4b9ee5adedde47b31e975c1d90c73ad27b6b165a1dcd80c7c545eb65b903,35147,text/plain,.txt,,2026-10-08T05:23:55Z
FILE-0E31CBA0E521C572,datasets/member3_relative_resources/raw_archive/opensource/SRC-0028_PX4_LICENSE_20260929.txt,0e31cba0e521c572e59a350286c6d1272abff7a7b6ebecb0e7d9eee6547a2106,1527,text/plain,.txt,,2026-10-08T05:23:55Z
FILE-81133BA4D3343A0E,datasets/member3_relative_resources/raw_archive/opensource/SRC-0029_mavlink_COPYING_20260929.txt,81133ba4d3343a0e627dd0d9582134f956bc9dc82322d369c561249cc2910224,9437,text/plain,.txt,,2026-10-08T05:23:55Z
FILE-7B67A6E434938DE0,datasets/member3_relative_resources/raw_archive/opensource/SRC-0052_PX4_GNSS_RC_and_ArduPilot_SBUS_20260929.txt,7b67a6e434938de0bc2b50383d4abbe0bb79791d7f7fd6e1dc53b1cc458c05a4,1363,text/plain,.txt,,2026-10-08T05:23:55Z
FILE-F8D8F3B9E2F691C7,datasets/member3_relative_resources/raw_archive/regulator/SRC-0030_FCC_candidates_snapshot_20260929.txt,f8d8f3b9e2f691c7e21bdada6d5b97f42f9ad3ebdd10b9a6b9fe264fdb974452,941,text/plain,.txt,,2026-10-08T05:23:55Z
FILE-4D8FC286FDCC699E,datasets/member3_relative_resources/raw_archive/regulator/SRC-0030b_FCC_official_pull_guide_20260929.txt,4d8fc286fdcc699eefb90a6aaebe2db70ac63134982dfa0ccae5a431d639a162,2174,text/plain,.txt,,2026-10-08T05:23:55Z
FILE-285EB78CF09205EC,datasets/member3_relative_resources/raw_archive/regulator/SRC-0039_Skydio_FCC_ID_table_20260929.txt,285eb78cf09205ec0b21836685a739672d47a51b483b7ca370ce816b73c9fdee,844,text/plain,.txt,,2026-10-08T05:23:55Z
FILE-F38F4A43985CD995,datasets/member3_relative_resources/raw_archive/regulator/SRC-0044b_FCC_network_block_20260929.txt,f38f4a43985cd995832a3fd52f5e8d65913469a94b7739d6f0e906dfe71494f1,976,text/plain,.txt,,2026-10-08T05:23:55Z
